S00853062,Sosanna,Gosby,sgosby0@diigo.com,(301) 6767960
S00377910,Magda,Rudram,mrudram1@npr.org,(696) 1324233
S00304088,Norby,Huntingdon,nhuntingdon2@webeden.co.uk,(617) 1912073
S00710472,Daisie,Bethune,dbethune3@walmart.com,(452) 6957657
S00318437,Vernor,Heams,vheams4@omniture.com,(736) 3194153
S00835041,Coleen,De Courtney,cdecourtney5@google.de,(253) 4403705
S00450730,Natal,Ridgley,nridgley6@studiopress.com,(926) 9571452
S00564399,Teddie,Kimbly,tkimbly7@goodreads.com,(677) 4582628
S00327752,Kirbie,Putson,kputson8@sfgate.com,(874) 4455475
S00719183,Lillian,McLukie,lmclukie9@dell.com,(141) 8142875
S00311651,Taddeo,Lowater,tlowatera@earthlink.net,(355) 2372929
S00533488,Lannie,Cockhill,lcockhillb@techcrunch.com,(105) 4778031
S00402599,Ham,Egdal,hegdalc@loc.gov,(707) 7376048
S00117439,Lisetta,Pennycock,lpennycockd@statcounter.com,(555) 1067840
S00122526,Luci,Bonicelli,lbonicellie@blog.com,(863) 6708537
S00435866,Kala,Storck,kstorckf@jalbum.net,(399) 4568593
S00671628,Stephine,Sheavills,ssheavillsg@slashdot.org,(441) 7898568
S00152103,Jamima,Quipp,jquipph@meetup.com,(220) 2520369
S00906686,Anallise,Blease,ableasei@oaic.gov.au,(922) 3039156
S00598540,Si,Izakson,sizaksonj@networksolutions.com,(850) 9039483
